Workbook

Sheet Bord
B1: MON ÉPARGNE — OBJECTIF JANVIER 2027
B3: PARAMÈTRES | E3: RÉCAP PAR MOIS
B4: Taux horaire | C4: 32.3 | E4: Juin 2026 | F4: ='Juin 2026'!$G$1 -> 0
B5: Leasing /mois | C5: 485 | E5: Juillet 2026 | F5: ='Juillet 2026'!$G$1 -> 0
B6: Assurance /mois | C6: 250 | E6: Août 2026 | F6: ='Août 2026'!$G$1 -> 0
B7: Abonnements /mois | C7: 300 | E7: Septembre 2026 | F7: ='Septembre 2026'!$G$1 -> 0
B8: Espèces de départ | C8: 1000 | E8: Octobre 2026 | F8: ='Octobre 2026'!$G$1 -> 0
B9: Objectif | C9: 8000 | E9: Novembre 2026 | F9: ='Novembre 2026'!$G$1 -> 0
B10: Charge /semaine | C10: =(C5+C6+C7)*12/52 -> 238.84615 | E10: Décembre 2026 | F10: ='Décembre 2026'!$G$1 -> 0
B11: MON MAGOT ACTUEL | E11: Janvier 2027 | F11: ='Janvier 2027'!$G$1 -> 0
B12: =Bord!$C$8+('Juin 2026'!$G$1+'Juillet 2026'!$G$1+'Août 2026'!$G$1+'Septembre 2026'!$G$1+'Octobre 2026'!$G$1+'Novembre 2026'!$G$1+'Décembre 2026'!$G$1+'Janvier 2027'!$G$1) -> 1000 | E12: TOTAL épargné | F12: =SUM(F4:F11) -> 0
B13: PROJECTION JANVIER
B14: =IFERROR(Bord!$C$8+('Juin 2026'!$G$1+'Juillet 2026'!$G$1+'Août 2026'!$G$1+'Septembre 2026'!$G$1+'Octobre 2026'!$G$1+'Novembre 2026'!$G$1+'Décembre 2026'!$G$1+'Janvier 2027'!$G$1)+(('Juin 2026'!$G$1+'Juillet 2026'!$G$1+'Août 2026'!$G$1+'Septembre 2026'!$G$1+'Octobre 2026'!$G$1+'Novembre 2026'!$G$1+'Décembre 2026'!$G$1+'Janvier 2027'!$G$1)/(COUNT('Juin 2026'!B4:B40)+COUNT('Juillet 2026'!B4:B40)+COUNT('Août 2026'!B4:B40)+COUNT('Septembre 2026'!B4:B40)+COUNT('Octobre 2026'!B4:B40)+COUNT('Novembre 2026'!B4:B40)+COUNT('Décembre 2026'!B4:B40)+COUNT('Janvier 2027'!B4:B40)))*(31-(COUNT('Juin 2026'!B4:B40)+COUNT('Juillet 2026'!B4:B40)+COUNT('Août 2026'!B4:B40)+COUNT('Septembre 2026'!B4:B40)+COUNT('Octobre 2026'!B4:B40)+COUNT('Novembre 2026'!B4:B40)+COUNT('Décembre 2026'!B4:B40)+COUNT('Janvier 2027'!B4:B40))),Bord!$C$8+('Juin 2026'!$G$1+'Juillet 2026'!$G$1+'Août 2026'!$G$1+'Septembre 2026'!$G$1+'Octobre 2026'!$G$1+'Novembre 2026'!$G$1+'Décembre 2026'!$G$1+'Janvier 2027'!$G$1)) -> 1000
B15: PROGRESSION
B16: =IFERROR((Bord!$C$8+('Juin 2026'!$G$1+'Juillet 2026'!$G$1+'Août 2026'!$G$1+'Septembre 2026'!$G$1+'Octobre 2026'!$G$1+'Novembre 2026'!$G$1+'Décembre 2026'!$G$1+'Janvier 2027'!$G$1))/Bord!$C$9,0) -> 0.125

Sheet Juin 2026
A1: JUIN 2026 | D1: Épargne du mois → | G1: =SUM(I4:I6) -> 0
A2: Remplis les cases bleues chaque dimanche soir.
A3: Dimanche | B3: Facture € | C3: Heures | D3: Cash € | E3: Essence | F3: Bouffe | G3: Autres | H3: Décoff. | I3: Épargne
A4: 14/06 | C4: =IFERROR(B4/Bord!$C$4,"") -> 0 | I4: =IF(B4="","",B4+D4-Bord!$C$10-(E4+F4+G4)-H4)
A5: 21/06 | C5: =IFERROR(B5/Bord!$C$4,"") -> 0 | I5: =IF(B5="","",B5+D5-Bord!$C$10-(E5+F5+G5)-H5)
A6: 28/06 | C6: =IFERROR(B6/Bord!$C$4,"") -> 0 | I6: =IF(B6="","",B6+D6-Bord!$C$10-(E6+F6+G6)-H6)

Sheet Juillet 2026
A1: JUILLET 2026 | D1: Épargne du mois → | G1: =SUM(I4:I7) -> 0
A2: Remplis les cases bleues chaque dimanche soir.
A3: Dimanche | B3: Facture € | C3: Heures | D3: Cash € | E3: Essence | F3: Bouffe | G3: Autres | H3: Décoff. | I3: Épargne
A4: 05/07 | C4: =IFERROR(B4/Bord!$C$4,"") -> 0 | I4: =IF(B4="","",B4+D4-Bord!$C$10-(E4+F4+G4)-H4)
A5: 12/07 | C5: =IFERROR(B5/Bord!$C$4,"") -> 0 | I5: =IF(B5="","",B5+D5-Bord!$C$10-(E5+F5+G5)-H5)
A6: 19/07 | C6: =IFERROR(B6/Bord!$C$4,"") -> 0 | I6: =IF(B6="","",B6+D6-Bord!$C$10-(E6+F6+G6)-H6)
A7: 26/07 | C7: =IFERROR(B7/Bord!$C$4,"") -> 0 | I7: =IF(B7="","",B7+D7-Bord!$C$10-(E7+F7+G7)-H7)

Sheet Août 2026
A1: AOÛT 2026 | D1: Épargne du mois → | G1: =SUM(I4:I8) -> 0
A2: Remplis les cases bleues chaque dimanche soir.
A3: Dimanche | B3: Facture € | C3: Heures | D3: Cash € | E3: Essence | F3: Bouffe | G3: Autres | H3: Décoff. | I3: Épargne
A4: 02/08 | C4: =IFERROR(B4/Bord!$C$4,"") -> 0 | I4: =IF(B4="","",B4+D4-Bord!$C$10-(E4+F4+G4)-H4)
A5: 09/08 | C5: =IFERROR(B5/Bord!$C$4,"") -> 0 | I5: =IF(B5="","",B5+D5-Bord!$C$10-(E5+F5+G5)-H5)
A6: 16/08 | C6: =IFERROR(B6/Bord!$C$4,"") -> 0 | I6: =IF(B6="","",B6+D6-Bord!$C$10-(E6+F6+G6)-H6)
A7: 23/08 | C7: =IFERROR(B7/Bord!$C$4,"") -> 0 | I7: =IF(B7="","",B7+D7-Bord!$C$10-(E7+F7+G7)-H7)
A8: 30/08 | C8: =IFERROR(B8/Bord!$C$4,"") -> 0 | I8: =IF(B8="","",B8+D8-Bord!$C$10-(E8+F8+G8)-H8)

Sheet Septembre 2026
A1: SEPTEMBRE 2026 | D1: Épargne du mois → | G1: =SUM(I4:I7) -> 0
A2: Remplis les cases bleues chaque dimanche soir.
A3: Dimanche | B3: Facture € | C3: Heures | D3: Cash € | E3: Essence | F3: Bouffe | G3: Autres | H3: Décoff. | I3: Épargne
A4: 06/09 | C4: =IFERROR(B4/Bord!$C$4,"") -> 0 | I4: =IF(B4="","",B4+D4-Bord!$C$10-(E4+F4+G4)-H4)
A5: 13/09 | C5: =IFERROR(B5/Bord!$C$4,"") -> 0 | I5: =IF(B5="","",B5+D5-Bord!$C$10-(E5+F5+G5)-H5)
A6: 20/09 | C6: =IFERROR(B6/Bord!$C$4,"") -> 0 | I6: =IF(B6="","",B6+D6-Bord!$C$10-(E6+F6+G6)-H6)
A7: 27/09 | C7: =IFERROR(B7/Bord!$C$4,"") -> 0 | I7: =IF(B7="","",B7+D7-Bord!$C$10-(E7+F7+G7)-H7)

Sheet Octobre 2026
A1: OCTOBRE 2026 | D1: Épargne du mois → | G1: =SUM(I4:I7) -> 0
A2: Remplis les cases bleues chaque dimanche soir.
A3: Dimanche | B3: Facture € | C3: Heures | D3: Cash € | E3: Essence | F3: Bouffe | G3: Autres | H3: Décoff. | I3: Épargne
A4: 04/10 | C4: =IFERROR(B4/Bord!$C$4,"") -> 0 | I4: =IF(B4="","",B4+D4-Bord!$C$10-(E4+F4+G4)-H4)
A5: 11/10 | C5: =IFERROR(B5/Bord!$C$4,"") -> 0 | I5: =IF(B5="","",B5+D5-Bord!$C$10-(E5+F5+G5)-H5)
A6: 18/10 | C6: =IFERROR(B6/Bord!$C$4,"") -> 0 | I6: =IF(B6="","",B6+D6-Bord!$C$10-(E6+F6+G6)-H6)
A7: 25/10 | C7: =IFERROR(B7/Bord!$C$4,"") -> 0 | I7: =IF(B7="","",B7+D7-Bord!$C$10-(E7+F7+G7)-H7)

Sheet Novembre 2026
A1: NOVEMBRE 2026 | D1: Épargne du mois → | G1: =SUM(I4:I8) -> 0
A2: Remplis les cases bleues chaque dimanche soir.
A3: Dimanche | B3: Facture € | C3: Heures | D3: Cash € | E3: Essence | F3: Bouffe | G3: Autres | H3: Décoff. | I3: Épargne
A4: 01/11 | C4: =IFERROR(B4/Bord!$C$4,"") -> 0 | I4: =IF(B4="","",B4+D4-Bord!$C$10-(E4+F4+G4)-H4)
A5: 08/11 | C5: =IFERROR(B5/Bord!$C$4,"") -> 0 | I5: =IF(B5="","",B5+D5-Bord!$C$10-(E5+F5+G5)-H5)
A6: 15/11 | C6: =IFERROR(B6/Bord!$C$4,"") -> 0 | I6: =IF(B6="","",B6+D6-Bord!$C$10-(E6+F6+G6)-H6)
A7: 22/11 | C7: =IFERROR(B7/Bord!$C$4,"") -> 0 | I7: =IF(B7="","",B7+D7-Bord!$C$10-(E7+F7+G7)-H7)
A8: 29/11 | C8: =IFERROR(B8/Bord!$C$4,"") -> 0 | I8: =IF(B8="","",B8+D8-Bord!$C$10-(E8+F8+G8)-H8)

Sheet Décembre 2026
A1: DÉCEMBRE 2026 | D1: Épargne du mois → | G1: =SUM(I4:I7) -> 0
A2: Remplis les cases bleues chaque dimanche soir.
A3: Dimanche | B3: Facture € | C3: Heures | D3: Cash € | E3: Essence | F3: Bouffe | G3: Autres | H3: Décoff. | I3: Épargne
A4: 06/12 | C4: =IFERROR(B4/Bord!$C$4,"") -> 0 | I4: =IF(B4="","",B4+D4-Bord!$C$10-(E4+F4+G4)-H4)
A5: 13/12 | C5: =IFERROR(B5/Bord!$C$4,"") -> 0 | I5: =IF(B5="","",B5+D5-Bord!$C$10-(E5+F5+G5)-H5)
A6: 20/12 | C6: =IFERROR(B6/Bord!$C$4,"") -> 0 | I6: =IF(B6="","",B6+D6-Bord!$C$10-(E6+F6+G6)-H6)
A7: 27/12 | C7: =IFERROR(B7/Bord!$C$4,"") -> 0 | I7: =IF(B7="","",B7+D7-Bord!$C$10-(E7+F7+G7)-H7)

Sheet Janvier 2027
A1: JANVIER 2027 | D1: Épargne du mois → | G1: =SUM(I4:I5) -> 0
A2: Remplis les cases bleues chaque dimanche soir.
A3: Dimanche | B3: Facture € | C3: Heures | D3: Cash € | E3: Essence | F3: Bouffe | G3: Autres | H3: Décoff. | I3: Épargne
A4: 03/01 | C4: =IFERROR(B4/Bord!$C$4,"") -> 0 | I4: =IF(B4="","",B4+D4-Bord!$C$10-(E4+F4+G4)-H4)
A5: 10/01 | C5: =IFERROR(B5/Bord!$C$4,"") -> 0 | I5: =IF(B5="","",B5+D5-Bord!$C$10-(E5+F5+G5)-H5)
